Series,,Episode,Title,Star date,Air date,Watched?,Dridt Audit
,TOS,1-1,The Man Trap,1513.1,9/8/1966,TRUE,
,TOS,1-2,Charlie X,1533.6,9/15/1966,TRUE,
,TOS,1-3,Where No Man Has Gone Before,1312.4,9/22/1966,TRUE,
,TOS,1-4,The Naked Time,1704.2,9/29/1966,TRUE,
,TOS,1-5,The Enemy Within,1672.1,10/6/1966,TRUE,
,TOS,1-6,Mudd's Women,1329.8,10/13/1966,TRUE,
,TOS,1-7,What Are Little Girls Made Of?,2712.4,10/20/1966,TRUE,
,TOS,1-8,Miri,2713.5,10/27/1966,TRUE,
,TOS,1-9,Dagger of the Mind,2715.1,11/3/1966,TRUE,
,TOS,1-10,The Corbomite Maneuver,1512.2,11/10/1966,TRUE,
,TOS,1-11,"The Menagerie, Part I",3012.4,11/17/1966,TRUE,
,TOS,1-12,"The Menagerie, Part II",3013.1,11/24/1966,TRUE,
,TOS,1-13,The Conscience of the King,2817.6,12/8/1966,TRUE,
,TOS,1-14,Balance of Terror,1709.2,12/15/1966,TRUE,
,TOS,1-15,Shore Leave,3025.3,12/29/1966,TRUE,
,TOS,1-16,The Galileo Seven,2821.5,1/5/1967,TRUE,
,TOS,1-17,The Squire of Gothos,2124.5,1/12/1967,TRUE,
,TOS,1-18,Arena,3045.6,1/19/1967,TRUE,
,TOS,1-19,Tomorrow Is Yesterday,3113.2,1/26/1967,TRUE,
,TOS,1-20,Court Martial,2947.3,2/2/1967,TRUE,
,TOS,1-21,The Return of the Archons,3156.2,2/9/1967,TRUE,
,TOS,1-22,Space Seed,3141.9,2/16/1967,FALSE,
,TOS,1-23,A Taste of Armageddon,3192.1,2/23/1967,FALSE,
,TOS,1-24,This Side of Paradise,3417.3,3/2/1967,FALSE,
,TOS,1-25,The Devil in the Dark,3196.1,3/9/1967,FALSE,
,TOS,1-26,Errand of Mercy,3198.4,3/23/1967,FALSE,
,TOS,1-27,The Alternative Factor,3087.6,3/30/1967,FALSE,
,TOS,1-28,The City on the Edge of Forever,Unknown,4/6/1967,FALSE,
,TOS,1-29,Operation: Annihilate!,3287.2,4/13/1967,FALSE,
,TOS,2-30,Amok Time,3372.7,9/15/1967,FALSE,
,TOS,2-31,Who Mourns for Adonais?,3468.1,9/22/1967,FALSE,
,TOS,2-32,The Changeling,3541.9,9/29/1967,FALSE,
,TOS,2-33,"Mirror, Mirror",Unknown,10/6/1967,FALSE,
,TOS,2-34,The Apple,3715.3,10/13/1967,FALSE,
,TOS,2-35,The Doomsday Machine,4202.9,10/20/1967,FALSE,
,TOS,2-36,Catspaw,3018.2,10/27/1967,FALSE,
,TOS,2-37,"I, Mudd",4513.3,11/3/1967,FALSE,
,TOS,2-38,Metamorphosis,3219.4,11/10/1967,FALSE,
,TOS,2-39,Journey to Babel,3842.3,11/17/1967,FALSE,
,TOS,2-40,Friday's Child,3497.2,12/1/1967,FALSE,
,TOS,2-41,The Deadly Years,3478.2,12/8/1967,FALSE,
,TOS,2-42,Obsession,3619.2,12/15/1967,FALSE,
,TOS,2-43,Wolf in the Fold,3614.9,12/22/1967,FALSE,
,TOS,2-44,The Trouble With Tribbles,4523.3,12/29/1967,FALSE,
,TOS,2-45,The Gamesters of Triskelion,3211.7,1/5/1968,FALSE,
,TOS,2-46,A Piece of the Action,4598,1/12/1968,FALSE,
,TOS,2-47,The Immunity Syndrome,4307.1,1/19/1968,FALSE,
,TOS,2-48,A Private Little War,4211.4,2/2/1968,FALSE,
,TOS,2-49,Return to Tomorrow,4768.3,2/9/1968,FALSE,
,TOS,2-50,Patterns of Force,2534,2/16/1968,FALSE,
,TOS,2-51,By Any Other Name,4657.5,2/23/1968,FALSE,
,TOS,2-52,The Omega Glory,Unknown,3/1/1968,FALSE,
,TOS,2-53,The Ultimate Computer,4729.4,3/8/1968,FALSE,
,TOS,2-54,Bread and Circuses,4040.7,3/15/1968,FALSE,
,TOS,2-55,Assignment: Earth,Unknown,3/29/1968,FALSE,
,TOS,3-56,Spock's Brain,5431.4,9/20/1968,FALSE,
,TOS,3-57,The Enterprise Incident,5027.3,9/27/1968,FALSE,
,TOS,3-58,The Paradise Syndrome,4842.6,10/4/1968,FALSE,
,TOS,3-59,And the Children Shall Lead,5029.5,10/11/1968,FALSE,
,TOS,3-60,Is There in Truth No Beauty?,5630.7,10/18/1968,FALSE,
,TOS,3-61,Spectre of the Gun,4385.3,10/25/1968,FALSE,
,TOS,3-62,Day of the Dove,Unknown,11/1/1968,FALSE,
,TOS,3-63,For the World Is Hollow and I Have Touched the Sky,5476.3,11/8/1968,FALSE,
,TOS,3-64,The Tholian Web,5693.2,11/15/1968,FALSE,
,TOS,3-65,Plato's Stepchildren,5784.2,11/22/1968,FALSE,
,TOS,3-66,Wink of an Eye,5710.5,11/29/1968,FALSE,
,TOS,3-67,The Empath,5121.5,12/6/1968,FALSE,
,TOS,3-68,Elaan of Troyius,4372.5,12/20/1968,FALSE,
,TOS,3-69,Whom Gods Destroy,5718.3,1/3/1969,FALSE,
,TOS,3-70,Let That Be Your Last Battlefield,5730.2,1/10/1969,FALSE,
,TOS,3-71,The Mark of Gideon,5423.4,1/17/1969,FALSE,
,TOS,3-72,That Which Survives,Unknown,1/24/1969,FALSE,
,TOS,3-73,The Lights of Zetar,5725.3,1/31/1969,FALSE,
,TOS,3-74,Requiem for Methuselah,5843.7,2/14/1969,FALSE,
,TOS,3-75,The Way to Eden,5832.3,2/21/1969,FALSE,
,TOS,3-76,The Cloud Minders,5818.4,2/28/1969,FALSE,
,TOS,3-77,The Savage Curtain,5906.4,3/7/1969,FALSE,
,TOS,3-78,All Our Yesterdays,5943.7,3/14/1969,FALSE,
,TOS,3-79,Turnabout Intruder,5928.5,6/3/1969,FALSE,
,TAS,1-1,Beyond the Farthest Star,5521.3,9/8/1973,FALSE,
,TAS,1-2,Yesteryear,5373.4,9/15/1973,FALSE,
,TAS,1-3,One of Our Planets is Missing,5371.3,9/22/1973,FALSE,
,TAS,1-4,The Lorelei Signal,5483.7,9/29/1973,FALSE,
,TAS,1-5,"More Tribbles, More Troubles",5392.4,10/6/1973,FALSE,
,TAS,1-6,The Survivor,5143.3,10/13/1973,FALSE,
,TAS,1-7,The Infinite Vulcan,5554.4,10/20/1973,FALSE,
,TAS,1-8,The Magicks of Megas-tu,1254.4,10/27/1973,FALSE,
,TAS,1-9,Once Upon a Planet,5591.2,11/3/1973,FALSE,
,TAS,1-10,Mudd's Passion,4978.5,11/10/1973,FALSE,
,TAS,1-11,The Terratin Incident,5577.3,11/17/1973,FALSE,
,TAS,1-12,The Time Trap,5267.2,11/24/1973,FALSE,
,TAS,1-13,The Ambergris Element,5499.9,12/1/1973,FALSE,
,TAS,1-14,The Slaver Weapon,4187.3,12/15/1973,FALSE,
,TAS,1-15,The Eye of the Beholder,5501.2,1/5/1974,FALSE,
,TAS,1-16,The Jihad,5683.1,1/12/1974,FALSE,
,TAS,2-17,The Pirates of Orion,6334.1,9/7/1974,FALSE,
,TAS,2-18,Bem,7403.6,9/17/1974,FALSE,
,TAS,2-19,The Practical Joker,3183.3,9/21/1974,FALSE,
,TAS,2-20,Albatross,5275.6,9/28/1974,FALSE,
,TAS,2-21,How Sharper Than a Serpent's Tooth,6063.4,10/5/1974,FALSE,
,TAS,2-22,The Counter-Clock Incident,6770.3,10/12/1974,FALSE,
,Movie,,The Motion Picture,Unknown,12/7/1979,TRUE,
,Movie,,The Wrath of Khan,Unknown,6/4/1982,TRUE,
,Movie,,The Search for Spock,Unknown,6/1/1984,TRUE,
,Movie,,The Voyage Home,Unknown,11/26/1986,TRUE,
,TNG,1-1,Encounter at Farpoint,41153.7,9/28/1987,TRUE,
,TNG,1-2,Encounter at Farpoint,41153.7,9/28/1987,TRUE,
,TNG,1-3,The Naked Now,41209.2,10/5/1987,TRUE,
,TNG,1-4,Code of Honor,41235.25,10/12/1987,TRUE,
,TNG,1-5,The Last Outpost,41386.4,10/19/1987,TRUE,
,TNG,1-6,Where No One Has Gone Before,41263.1,10/26/1987,TRUE,
,TNG,1-7,Lonely Among Us,41249.3,11/2/1987,TRUE,
,TNG,1-8,Justice,41255.6,11/9/1987,TRUE,
,TNG,1-9,The Battle,41723.9,11/16/1987,TRUE,
,TNG,1-10,Hide and Q,41590.5,11/23/1987,TRUE,
,TNG,1-11,Haven,41294.5,11/30/1987,TRUE,
,TNG,1-12,The Big Goodbye,41997.7,1/11/1988,TRUE,
,TNG,1-13,Datalore,41242.4,1/18/1988,TRUE,
,TNG,1-14,Angel One,41636.9,1/25/1988,TRUE,
,TNG,1-15,11001001,41365.9,2/1/1988,TRUE,
,TNG,1-16,Too Short a Season,41309.5,2/8/1988,TRUE,
,TNG,1-17,When the Bough Breaks,41509.1,2/15/1988,TRUE,
,TNG,1-18,Home Soil,41463.9,2/22/1988,TRUE,
,TNG,1-19,Coming of Age,41416.2,3/14/1988,TRUE,
,TNG,1-20,Heart of Glory,41503.7,3/21/1988,TRUE,
,TNG,1-21,The Arsenal of Freedom,41798.2,4/11/1988,TRUE,
,TNG,1-22,Symbiosis,Unknown,4/18/1988,TRUE,
,TNG,1-23,Skin of Evil,41601.3,4/25/1988,TRUE,
,TNG,1-24,We'll Always Have Paris,41697.9,5/2/1988,TRUE,
,TNG,1-25,Conspiracy,41775.5,5/9/1988,TRUE,
,TNG,1-26,The Neutral Zone,41986,5/16/1988,TRUE,
,TOS,0-0,The Cage,Unknown,10/1/1988,TRUE,
,TNG,2-1,The Child,42073.1,11/21/1988,TRUE,
,TNG,2-2,Where Silence Has Lease,42193.6,11/28/1988,TRUE,
,TNG,2-3,"Elementary, Dear Data",42286.3,12/5/1988,TRUE,
,TNG,2-4,The Outrageous Okona,42402.7,12/12/1988,TRUE,
,TNG,2-5,Loud as a Whisper,42477.2,1/9/1989,TRUE,
,TNG,2-6,The Schizoid Man,42437.5,1/23/1989,TRUE,
,TNG,2-7,Unnatural Selection,42494.8,1/30/1989,TRUE,
,TNG,2-8,A Matter of Honor,42506.5,2/6/1989,TRUE,
,TNG,2-9,The Measure of a Man,42523.7,2/13/1989,TRUE,
,TNG,2-10,The Dauphin,42568.8,2/20/1989,TRUE,
,TNG,2-11,Contagion,42609.1,3/20/1989,TRUE,
,TNG,2-12,The Royale,42625.4,3/27/1989,TRUE,
,TNG,2-13,Time Squared,42679.2,4/3/1989,TRUE,
,TNG,2-14,The Icarus Factor,42686.4,4/24/1989,TRUE,
,TNG,2-15,Pen Pals,42695.3,5/1/1989,TRUE,
,TNG,2-16,Q Who,42761.3,5/8/1989,TRUE,
,TNG,2-17,Samaritan Snare,42779.1,5/15/1989,TRUE,
,TNG,2-18,Up the Long Ladder,42823.2,5/22/1989,TRUE,
,Movie,,The Final Frontier,Unknown,6/9/1989,TRUE,
,TNG,2-19,Manhunt,42859.2,6/19/1989,TRUE,
,TNG,2-20,The Emissary,42901.3,6/26/1989,TRUE,
,TNG,2-21,Peak Performance,42923.4,7/10/1989,TRUE,
,TNG,2-22,Shades of Gray,42976.1,7/17/1989,TRUE,
,TNG,3-1,Evolution,43125.8,9/25/1989,TRUE,
,TNG,3-2,The Ensigns of Command,43133.3,10/2/1989,TRUE,
,TNG,3-3,The Survivors,43152.4,10/9/1989,TRUE,
,TNG,3-4,Who Watches the Watchers,43173.5,10/16/1989,TRUE,
,TNG,3-5,The Bonding,43198.7,10/23/1989,TRUE,
,TNG,3-6,Booby Trap,43205.6,10/30/1989,TRUE,
,TNG,3-7,The Enemy,43349.2,11/6/1989,TRUE,
,TNG,3-8,The Price,43385.6,11/13/1989,TRUE,
,TNG,3-9,The Vengeance Factor,43421.9,11/20/1989,TRUE,
,TNG,3-10,The Defector,43462.5,1/1/1990,TRUE,
,TNG,3-11,The Hunted,43489.2,1/8/1990,TRUE,
,TNG,3-12,The High Ground,43510.7,1/29/1990,TRUE,
,TNG,3-13,Déjà Q,43539.1,2/5/1990,TRUE,
,TNG,3-14,A Matter of Perspective,43610.4,2/12/1990,TRUE,
,TNG,3-15,Yesterday's Enterprise,43625.2,2/19/1990,TRUE,
,TNG,3-16,The Offspring,43657,3/12/1990,TRUE,
,TNG,3-17,Sins of the Father,43685.2,3/19/1990,TRUE,
,TNG,3-18,Allegiance,43714.1,3/26/1990,TRUE,
,TNG,3-19,Captain's Holiday,43745.2,4/2/1990,TRUE,
,TNG,3-20,Tin Man,43779.3,4/23/1990,TRUE,
,TNG,3-21,Hollow Pursuits,43807.4,4/30/1990,TRUE,
,TNG,3-22,The Most Toys,43872.2,5/7/1990,TRUE,
,TNG,3-23,Sarek,43917.4,5/14/1990,TRUE,
,TNG,3-24,Ménage à Troi,43930.7,5/28/1990,TRUE,
,TNG,3-25,Transfigurations,43957.2,6/4/1990,TRUE,
,TNG,3-26,The Best of Both Worlds: Part One,43989.1,6/18/1990,TRUE,
,TNG,4-1,The Best of Both Worlds: Part Two,44001.4,9/24/1990,TRUE,
,TNG,4-2,Family,44012.3,10/1/1990,TRUE,
,TNG,4-3,Brothers,44085.7,10/8/1990,TRUE,
,TNG,4-4,Suddenly Human,44143.7,10/15/1990,TRUE,
,TNG,4-5,Remember Me,44161.2,10/22/1990,TRUE,
,TNG,4-6,Legacy,44215.2,10/29/1990,TRUE,
,TNG,4-7,Reunion,44246.3,11/5/1990,TRUE,
,TNG,4-8,Future Imperfect,44286.5,11/12/1990,TRUE,
,TNG,4-9,Final Mission,44307.3,11/19/1990,TRUE,
,TNG,4-10,The Loss,44356.9,12/31/1990,TRUE,
,TNG,4-11,Data's Day,44390.1,1/7/1991,TRUE,
,TNG,4-12,The Wounded,44429.6,1/28/1991,TRUE,
,TNG,4-13,Devil's Due,44474.5,2/4/1991,TRUE,
,TNG,4-14,Clues,44502.7,2/11/1991,TRUE,
,TNG,4-15,First Contact,Unknown,2/18/1991,TRUE,
,TNG,4-16,Galaxy's Child,44614.6,3/11/1991,TRUE,
,TNG,4-17,Night Terrors,44631.2,3/18/1991,TRUE,
,TNG,4-18,Identity Crisis,44664.5,3/25/1991,TRUE,
,TNG,4-19,The Nth Degree,44704.2,4/1/1991,TRUE,
,TNG,4-20,Qpid,44741.9,4/22/1991,TRUE,
,TNG,4-21,The Drumhead,44769.2,4/29/1991,TRUE,
,TNG,4-22,Half a Life,44805.3,5/6/1991,TRUE,
,TNG,4-23,The Host,44821.3,5/13/1991,TRUE,
,TNG,4-24,The Mind's Eye,44885.5,5/27/1991,TRUE,
,TNG,4-25,In Theory,44932.3,6/3/1991,TRUE,
,TNG,4-26,Redemption: Part One,44995.3,6/17/1991,TRUE,
,TNG,5-1,Redemption: Part Two,45021.3,9/23/1991,TRUE,
,TNG,5-2,Darmok,45047.2,9/30/1991,TRUE,
,TNG,5-3,Ensign Ro,45076.3,10/7/1991,TRUE,
,TNG,5-4,Silicon Avatar,45122.3,10/14/1991,TRUE,
,TNG,5-5,Disaster,45156.1,10/21/1991,TRUE,
,TNG,5-6,The Game,45208.2,10/28/1991,TRUE,
,TNG,5-7,Unification: Part One,45236.4,11/4/1991,TRUE,
,TNG,5-8,Unification: Part Two,45245.8,11/11/1991,TRUE,
,TNG,5-9,A Matter of Time,45349.1,11/18/1991,TRUE,
,Movie,,The Undiscovered Country,Unknown,12/6/1991,TRUE,
,TNG,5-10,New Ground,45376.3,1/6/1992,TRUE,
,TNG,5-11,Hero Worship,45397.3,1/27/1992,TRUE,
,TNG,5-12,Violations,45429.3,2/3/1992,TRUE,
,TNG,5-13,The Masterpiece Society,45470.1,2/10/1992,TRUE,
,TNG,5-14,Conundrum,45494.2,2/17/1992,TRUE,
,TNG,5-15,Power Play,45571.2,2/24/1992,TRUE,
,TNG,5-16,Ethics,45587.3,3/2/1992,TRUE,
,TNG,5-17,The Outcast,45614.6,3/16/1992,TRUE,
,TNG,5-18,Cause and Effect,45652.1,3/23/1992,TRUE,
,TNG,5-19,The First Duty,45703.9,3/30/1992,TRUE,
,TNG,5-20,Cost of Living,45733.6,4/20/1992,TRUE,
,TNG,5-21,The Perfect Mate,45761.3,4/27/1992,TRUE,
,TNG,5-22,Imaginary Friend,45852.1,5/4/1992,TRUE,
,TNG,5-23,I Borg,45854.2,5/11/1992,TRUE,
,TNG,5-24,The Next Phase,45092.4,5/18/1992,TRUE,
,TNG,5-25,The Inner Light,45944.1,6/1/1992,TRUE,
,TNG,5-26,Time's Arrow: Part One,45959.1,6/15/1992,TRUE,
,TNG,6-1,Time's Arrow: Part Two,46001.3,9/21/1992,TRUE,
,TNG,6-2,Realm of Fear,46041.1,9/28/1992,TRUE,
,TNG,6-3,Man of the People,46071.6,10/5/1992,TRUE,
,TNG,6-4,Relics,46125.3,10/12/1992,TRUE,
,TNG,6-5,Schisms,46154.2,10/19/1992,TRUE,
,TNG,6-6,True Q,46192.3,10/26/1992,TRUE,
,TNG,6-7,Rascals,46235.7,11/2/1992,TRUE,
,TNG,6-8,A Fistful of Datas,46271.5,11/9/1992,TRUE,
,TNG,6-9,The Quality of Life,46307.2,11/16/1992,TRUE,
,TNG,6-10,Chain of Command: Part One,46357.4,12/14/1992,TRUE,
,TNG,6-11,Chain of Command: Part Two,46360.8,12/21/1992,TRUE,
,DS9,1-1,"Emissary, Part I",46379.1,1/3/1993,TRUE,
,DS9,1-2,"Emissary, Part II",46392.7,1/3/1993,TRUE,
,DS9,1-3,Past Prologue,Unknown,1/10/1993,FALSE,
,DS9,1-4,A Man Alone,46421.5,1/17/1993,FALSE,
,DS9,1-5,Babel,46423.7,1/24/1993,FALSE,
,TNG,6-12,Ship in a Bottle,46424.1,1/25/1993,TRUE,
,DS9,1-6,Captive Pursuit,Unknown,1/31/1993,FALSE,
,TNG,6-13,Aquiel,46461.3,2/1/1993,FALSE,
,DS9,1-7,Q-Less,46531.2,2/7/1993,FALSE,
,TNG,6-14,Face of the Enemy,46519.1,2/8/1993,FALSE,
,DS9,1-8,Dax,46910.1,2/14/1993,FALSE,
,TNG,6-15,Tapestry,Unknown,2/15/1993,FALSE,
,DS9,1-9,The Passenger,Unknown,2/21/1993,FALSE,
,TNG,6-16,Birthright: Part One,46578.4,2/22/1993,FALSE,
,TNG,6-17,Birthright: Part Two,46759.2,3/1/1993,FALSE,
,DS9,1-10,Move Along Home,Unknown,3/14/1993,FALSE,
,DS9,1-11,The Nagus,Unknown,3/21/1993,FALSE,
,TNG,6-18,Starship Mine,46682.4,3/29/1993,FALSE,
,TNG,6-19,Lessons,46693.1,4/5/1993,FALSE,
,DS9,1-12,Vortex,Unknown,4/18/1993,FALSE,
,DS9,1-13,Battle Lines,Unknown,4/25/1993,FALSE,
,TNG,6-20,The Chase,46731.5,4/26/1993,FALSE,
,DS9,1-14,The Storyteller,46729.1,5/2/1993,FALSE,
,TNG,6-21,Frame of Mind,46778.1,5/3/1993,FALSE,
,DS9,1-15,Progress,46844.3,5/9/1993,FALSE,
,TNG,6-22,Suspicions,46830.1,5/10/1993,FALSE,
,DS9,1-16,If Wishes Were Horses,46853.2,5/16/1993,FALSE,
,TNG,6-23,Rightful Heir,46852.2,5/17/1993,FALSE,
,DS9,1-17,The Forsaken,46925.1,5/23/1993,FALSE,
,TNG,6-24,Second Chances,46915.2,5/24/1993,FALSE,
,DS9,1-18,Dramatis Personae,46922.3,5/30/1993,FALSE,
,DS9,1-19,Duet,Unknown,6/13/1993,FALSE,
,TNG,6-25,Timescape,46944.2,6/14/1993,FALSE,
,DS9,1-20,In the Hands of the Prophets,Unknown,6/20/1993,FALSE,
,TNG,6-26,Descent: Part One,46982.1,6/21/1993,FALSE,
,TNG,7-1,Descent: Part Two,47025.4,9/20/1993,FALSE,
,DS9,2-1,The Homecoming (Part 1),Unknown,9/26/1993,FALSE,
,TNG,7-2,Liaisons,Unknown,9/27/1993,FALSE,
,DS9,2-2,The Circle (Part 2),Unknown,10/3/1993,FALSE,
,TNG,7-3,Interface,47215.5,10/4/1993,FALSE,
,DS9,2-3,The Siege (Part 3),Unknown,10/10/1993,FALSE,
,TNG,7-4,Gambit: Part One,47135.2,10/11/1993,FALSE,
,DS9,2-4,Invasive Procedures,47182.1,10/17/1993,FALSE,
,TNG,7-5,Gambit: Part Two,47160.1,10/18/1993,FALSE,
,DS9,2-5,Cardassians,47177.2,10/24/1993,FALSE,
,TNG,7-6,Phantasms,47225.7,10/25/1993,FALSE,
,DS9,2-6,Melora,47229.1,10/31/1993,FALSE,
,TNG,7-7,Dark Page,47254.1,11/1/1993,FALSE,
,DS9,2-7,Rules of Acquisition,Unknown,11/7/1993,FALSE,
,TNG,7-8,Attached,47304.2,11/8/1993,FALSE,
,DS9,2-8,Necessary Evil,47282.5,11/14/1993,FALSE,
,TNG,7-9,Force of Nature,47310.2,11/15/1993,FALSE,
,DS9,2-9,Second Sight,47329.4,11/21/1993,FALSE,
,TNG,7-10,Inheritance,47410.2,11/22/1993,FALSE,
,DS9,2-10,Sanctuary,47391.2,11/28/1993,FALSE,
,TNG,7-11,Parallels,47391.2,11/29/1993,FALSE,
,DS9,2-11,Rivals,Unknown,1/2/1994,FALSE,
,DS9,2-12,The Alternate,47391.7,1/9/1994,FALSE,
,TNG,7-12,The Pegasus,47457.1,1/10/1994,FALSE,
,TNG,7-13,Homeward,47423.9,1/17/1994,FALSE,
,DS9,2-13,Armageddon Game,Unknown,1/30/1994,FALSE,
,TNG,7-14,Sub Rosa,Unknown,1/31/1994,FALSE,
,DS9,2-14,Whispers,47552.1,2/6/1994,FALSE,
,TNG,7-15,Lower Decks,47566.7,2/7/1994,FALSE,
,DS9,2-15,Paradise,47573.1,2/13/1994,FALSE,
,TNG,7-16,Thine Own Self,47611.2,2/14/1994,FALSE,
,DS9,2-16,Shadowplay,47603.3,2/20/1994,FALSE,
,TNG,7-17,Masks,47615.2,2/21/1994,FALSE,
,DS9,2-17,Playing God,Unknown,2/27/1994,FALSE,
,TNG,7-18,Eye of the Beholder,47622.1,2/28/1994,FALSE,
,DS9,2-18,Profit and Loss,Unknown,3/20/1994,FALSE,
,TNG,7-19,Genesis,47653.2,3/21/1994,FALSE,
,DS9,2-19,Blood Oath,Unknown,3/27/1994,FALSE,
,TNG,7-20,Journey's End,47751.2,3/28/1994,FALSE,
,DS9,2-20,"The Maquis, Part I",Unknown,4/24/1994,FALSE,
,TNG,7-21,Firstborn,47779.4,4/25/1994,FALSE,
,DS9,2-21,"The Maquis, Part II",Unknown,5/1/1994,FALSE,
,TNG,7-22,Bloodlines,47829.1,5/2/1994,FALSE,
,DS9,2-22,The Wire,Unknown,5/8/1994,FALSE,
,TNG,7-23,Emergence,47869.2,5/9/1994,FALSE,
,DS9,2-23,Crossover,Unknown,5/15/1994,FALSE,
,TNG,7-24,Preemptive Strike,47941.7,5/16/1994,FALSE,
,DS9,2-24,The Collaborator,Unknown,5/22/1994,FALSE,
,TNG,7-25,All Good Things...,47988.1,5/23/1994,FALSE,
,TNG,7-26,All Good Things...,47988.1,5/23/1994,FALSE,
,DS9,2-25,Tribunal,47944.2,6/5/1994,FALSE,
,DS9,2-26,The Jem'Hadar,Unknown,6/12/1994,FALSE,
,DS9,3-1,"The Search, Part I",48213.1,9/26/1994,FALSE,
,DS9,3-2,"The Search, Part II",48213.1,10/3/1994,FALSE,
,DS9,3-3,The House of Quark,48224.2,10/10/1994,FALSE,
,DS9,3-4,Equilibrium,48231.7,10/17/1994,FALSE,
,DS9,3-5,Second Skin,48244.5,10/24/1994,FALSE,
,DS9,3-6,The Abandoned,48301.1,10/31/1994,FALSE,
,DS9,3-7,Civil Defense,48388.8,11/7/1994,FALSE,
,DS9,3-8,Meridian,48423.2,11/14/1994,FALSE,
,Movie,,Generations,Unknown,11/18/1994,FALSE,
,DS9,3-9,Defiant,48467.3,11/21/1994,FALSE,
,DS9,3-10,Fascination,48441.6,11/28/1994,FALSE,
,DS9,3-11,"Past Tense, Part I",48481.2,1/2/1995,FALSE,
,DS9,3-12,"Past Tense, Part II",48481.2,1/9/1995,FALSE,
,VOY,1-1,Caretaker,48315.6,1/16/1995,FALSE,
,VOY,1-2,Caretaker,48315.6,1/16/1995,FALSE,
,VOY,1-3,Parallax,48439.7,1/23/1995,FALSE,
,VOY,1-4,Time and Again,Unknown,1/30/1995,FALSE,
,DS9,3-13,Life Support,48498.4,1/31/1995,FALSE,
,DS9,3-14,Heart of Stone,48521.5,2/6/1995,FALSE,
,VOY,1-5,Phage,48532.4,2/6/1995,FALSE,
,VOY,1-6,The Cloud,48546.2,2/13/1995,FALSE,
,DS9,3-15,Destiny,48543.2,2/13/1995,FALSE,
,DS9,3-16,Prophet Motive,48555.5,2/20/1995,FALSE,
,VOY,1-7,Eye of the Needle,48579.4,2/20/1995,FALSE,
,DS9,3-17,Visionary,48576.7,2/27/1995,FALSE,
,VOY,1-8,Ex Post Facto,Unknown,2/27/1995,FALSE,
,VOY,1-9,Emanations,48623.5,3/13/1995,FALSE,
,VOY,1-10,Prime Factors,48642.5,3/20/1995,FALSE,
,VOY,1-11,State of Flux,48658.2,4/10/1995,FALSE,
,DS9,3-18,Distant Voices,48592.2,4/10/1995,FALSE,
,DS9,3-19,Through the Looking Glass,48601.1,4/17/1995,FALSE,
,DS9,3-20,Improbable Cause (Part 1),48620.3,4/24/1995,FALSE,
,VOY,1-12,Heroes and Demons,48693.2,4/24/1995,FALSE,
,VOY,1-13,Cathexis,48734.2,5/1/1995,FALSE,
,DS9,3-21,The Die is Cast (Part 2),48622.5,5/1/1995,FALSE,
,VOY,1-14,Faces,48784.2,5/8/1995,FALSE,
,DS9,3-22,Explorers,48699.9,5/8/1995,FALSE,
,VOY,1-15,Jetrel,48832.1,5/15/1995,FALSE,
,DS9,3-23,Family Business,48731.2,5/15/1995,FALSE,
,VOY,1-16,Learning Curve,48846.5,5/22/1995,FALSE,
,DS9,3-24,Shakaar,48764.8,5/22/1995,FALSE,
,DS9,3-25,Facets,48959.1,6/12/1995,FALSE,
,DS9,3-26,The Adversary,48962.5,6/19/1995,FALSE,
,VOY,2-1,The 37's,48975.1,8/28/1995,FALSE,
,VOY,2-2,Initiations,49005.3,9/4/1995,FALSE,
,VOY,2-3,Projections,48892.1,9/11/1995,FALSE,
,VOY,2-4,Elogium,48921.3,9/18/1995,FALSE,
,VOY,2-5,Non Sequitur,49011,9/25/1995,FALSE,
,DS9,4-1,"The Way of the Warrior, Part I",49011.4,10/2/1995,FALSE,
,DS9,4-2,"The Way of the Warrior, Part II",49011.4,10/2/1995,FALSE,
,VOY,2-6,Twisted,Unknown,10/2/1995,FALSE,
,VOY,2-7,Parturition,49068.5,10/9/1995,FALSE,
,DS9,4-3,The Visitor,49037.7,10/9/1995,FALSE,
,DS9,4-4,Hippocratic Oath,49066.5,10/16/1995,FALSE,
,DS9,4-5,Indiscretion,49122.4,10/23/1995,FALSE,
,VOY,2-8,Persistence of Vision,49037.2,10/30/1995,FALSE,
,DS9,4-6,Rejoined,49195.5,10/30/1995,FALSE,
,DS9,4-7,Starship Down,49263.5,11/6/1995,FALSE,
,VOY,2-9,Tattoo,49211.5,11/6/1995,FALSE,
,DS9,4-8,Little Green Men,49201.3,11/13/1995,FALSE,
,VOY,2-10,Cold Fire,49164.8,11/13/1995,FALSE,
,VOY,2-11,Maneuvers,48423,11/20/1995,FALSE,
,DS9,4-9,The Sword of Kahless,49263.5,11/20/1995,FALSE,
,DS9,4-10,Our Man Bashir,49300.7,11/27/1995,FALSE,
,VOY,2-12,Resistance,Unknown,11/27/1995,FALSE,
,DS9,4-11,Homefront (Part 1),49170,1/1/1996,FALSE,
,DS9,4-12,Paradise Lost (Part 2),49482.3,1/8/1996,FALSE,
,VOY,2-13,Prototype,Unknown,1/15/1996,FALSE,
,VOY,2-14,Alliances,49337.4,1/22/1996,FALSE,
,DS9,4-13,Crossfire,49517.3,1/29/1996,FALSE,
,VOY,2-15,Threshold,49373.4,1/29/1996,FALSE,
,VOY,2-16,Meld,Unknown,2/5/1996,FALSE,
,DS9,4-14,Return to Grace,49534.2,2/5/1996,FALSE,
,DS9,4-15,Sons of Mogh,49556.2,2/12/1996,FALSE,
,VOY,2-17,Dreadnought,49447,2/12/1996,FALSE,
,DS9,4-16,Bar Association,49565.1,2/19/1996,FALSE,
,VOY,2-18,Death Wish,49301.2,2/19/1996,FALSE,
,VOY,2-19,Lifesigns,49504.3,2/26/1996,FALSE,
,DS9,4-17,Accession,49600.7,2/26/1996,FALSE,
,VOY,2-20,Investigations,49485.2,3/13/1996,FALSE,
,VOY,2-21,Deadlock,49548.7,3/18/1996,FALSE,
,VOY,2-22,Innocence,49578.2,4/8/1996,FALSE,
,DS9,4-18,Rules of Engagement,49665.3,4/8/1996,FALSE,
,DS9,4-19,Hard Time,49680.5,4/15/1996,FALSE,
,DS9,4-20,Shattered Mirror,49699.1,4/22/1996,FALSE,
,DS9,4-21,The Muse,49702.2,4/29/1996,FALSE,
,VOY,2-23,The Thaw,Unknown,4/29/1996,FALSE,
,DS9,4-22,For the Cause,49729.8,5/6/1996,FALSE,
,VOY,2-24,Tuvix,49655.2,5/6/1996,FALSE,
,DS9,4-23,To the Death,49904.2,5/13/1996,FALSE,
,VOY,2-25,Resolutions,49690.1,5/13/1996,FALSE,
,DS9,4-24,The Quickening,49909.7,5/20/1996,FALSE,
,VOY,2-26,"Basics, Part I",Unknown,5/20/1996,FALSE,
,DS9,4-25,Body Parts,49930.3,6/10/1996,FALSE,
,DS9,4-26,Broken Link,49962.4,6/17/1996,FALSE,
,VOY,3-1,"Basics, Part II",50023.4,9/4/1996,FALSE,
,VOY,3-2,Flashback,50126.4,9/11/1996,FALSE,
,VOY,3-3,The Chute,50156.2,9/18/1996,FALSE,
,VOY,3-4,The Swarm,50252.3,9/25/1996,FALSE,
,DS9,5-1,Apocalypse Rising,Unknown,9/30/1996,FALSE,
,VOY,3-5,False Profits,50074.3,10/2/1996,FALSE,
,DS9,5-2,The Ship,50049.3,10/7/1996,FALSE,
,VOY,3-6,Remember,50203.1,10/9/1996,FALSE,
,DS9,5-3,Looking for par'Mach in All the Wrong Places,Unknown,10/14/1996,FALSE,
,DS9,5-4,...Nor the Battle to the Strong,Unknown,10/21/1996,FALSE,
,DS9,5-5,The Assignment,Unknown,10/28/1996,FALSE,
,VOY,3-7,Sacred Ground,50063.2,10/30/1996,FALSE,
,DS9,5-6,Trials and Tribble-ations,4523.7,11/4/1996,FALSE,
,VOY,3-8,"Future's End, Part I",Unknown,11/6/1996,FALSE,
,DS9,5-7,Let He Who Is Without Sin...,Unknown,11/11/1996,FALSE,
,VOY,3-9,"Future's End, Part II",50312.6,11/13/1996,FALSE,
,DS9,5-8,Things Past,Unknown,11/18/1996,FALSE,
,VOY,3-10,Warlord,50348.1,11/20/1996,FALSE,
,Movie,,First Contact,Unknown,11/22/1996,FALSE,
,DS9,5-9,The Ascent,Unknown,11/25/1996,FALSE,
,VOY,3-11,The Q and the Grey,50384.2,11/27/1996,FALSE,
,VOY,3-12,Macrocosm,50425.1,12/11/1996,FALSE,
,DS9,5-10,Rapture,Unknown,12/30/1996,FALSE,
,DS9,5-11,The Darkness and the Light,50416.2,1/6/1997,FALSE,
,VOY,3-13,Fair Trade,Unknown,1/8/1997,FALSE,
,VOY,3-14,Alter Ego,50460.3,1/15/1997,FALSE,
,DS9,5-12,The Begotten,Unknown,1/27/1997,FALSE,
,VOY,3-15,Coda,50518.6,1/29/1997,FALSE,
,DS9,5-13,For the Uniform,50485.2,2/3/1997,FALSE,
,VOY,3-16,Blood Fever,50537.2,2/5/1997,FALSE,
,DS9,5-14,In Purgatory's Shadow (Part 1),Unknown,2/10/1997,FALSE,
,VOY,3-17,Unity,50614.2,2/12/1997,FALSE,
,DS9,5-15,By Inferno's Light (Part 2),50564.2,2/17/1997,FALSE,
,VOY,3-18,Darkling,50693.2,2/19/1997,FALSE,
,DS9,5-16,"Doctor Bashir, I Presume?",Unknown,2/24/1997,FALSE,
,VOY,3-19,Rise,Unknown,2/26/1997,FALSE,
,VOY,3-20,Favorite Son,50732.4,3/19/1997,FALSE,
,DS9,5-17,A Simple Investigation,Unknown,3/31/1997,FALSE,
,DS9,5-18,Business as Usual,Unknown,4/7/1997,FALSE,
,VOY,3-21,Before and After,Unknown,4/9/1997,FALSE,
,DS9,5-19,Ties of Blood and Water,50712.5,4/14/1997,FALSE,
,DS9,5-20,Ferengi Love Songs,Unknown,4/21/1997,FALSE,
,VOY,3-22,Real Life,50836.2,4/23/1997,FALSE,
,DS9,5-21,Soldiers of the Empire,Unknown,4/28/1997,FALSE,
,VOY,3-23,Distant Origin,Unknown,4/30/1997,FALSE,
,DS9,5-22,Children of Time,50814.2,5/5/1997,FALSE,
,VOY,3-24,Displaced,50912.4,5/7/1997,FALSE,
,DS9,5-23,Blaze of Glory,Unknown,5/12/1997,FALSE,
,VOY,3-25,Worst Case Scenario,50953.4,5/14/1997,FALSE,
,DS9,5-24,Empok Nor,Unknown,5/19/1997,FALSE,
,VOY,3-26,"Scorpion, Part I",50984.3,5/21/1997,FALSE,
,DS9,5-25,In the Cards,Unknown,6/9/1997,FALSE,
,DS9,5-26,Call to Arms,50975.2,6/16/1997,FALSE,
,VOY,4-1,"Scorpion, Part II",51003.7,9/3/1997,FALSE,
,VOY,4-2,The Gift,51008,9/10/1997,FALSE,
,VOY,4-3,Day of Honor,Unknown,9/17/1997,FALSE,
,VOY,4-4,Nemesis,51082.4,9/24/1997,FALSE,
,DS9,6-1,A Time to Stand,Unknown,9/29/1997,FALSE,
,VOY,4-5,Revulsion,51186.2,10/1/1997,FALSE,
,DS9,6-2,Rocks and Shoals,51107.2,10/6/1997,FALSE,
,VOY,4-6,The Raven,Unknown,10/8/1997,FALSE,
,DS9,6-3,Sons and Daughters,Unknown,10/13/1997,FALSE,
,DS9,6-4,Behind the Lines,51149.5,10/20/1997,FALSE,
,DS9,6-5,Favor the Bold (Part 1),Unknown,10/27/1997,FALSE,
,VOY,4-7,Scientific Method,51244.3,10/29/1997,FALSE,
,DS9,6-6,Sacrifice of Angels (Part 2),Unknown,11/3/1997,FALSE,
,VOY,4-8,"Year of Hell, Part I",51268.4,11/5/1997,FALSE,
,DS9,6-7,You are Cordially Invited...,51247.5,11/10/1997,FALSE,
,VOY,4-9,"Year of Hell, Part II",51425.4,11/12/1997,FALSE,
,DS9,6-8,Resurrection,Unknown,11/17/1997,FALSE,
,VOY,4-10,Random Thoughts,51367.2,11/19/1997,FALSE,
,DS9,6-9,Statistical Probabilities,Unknown,11/24/1997,FALSE,
,VOY,4-11,Concerning Flight,51386.4,11/26/1997,FALSE,
,VOY,4-12,Mortal Coil,51449.2,12/17/1997,FALSE,
,DS9,6-10,The Magnificent Ferengi,Unknown,1/1/1998,FALSE,
,DS9,6-11,Waltz,51413.6,1/8/1998,FALSE,
,VOY,4-13,Waking Moments,51471.3,1/14/1998,FALSE,
,VOY,4-14,Message in a Bottle,51462,1/21/1998,FALSE,
,DS9,6-12,Who Mourns for Morn?,Unknown,2/4/1998,FALSE,
,VOY,4-15,Hunters,51501.4,2/11/1998,FALSE,
,DS9,6-13,Far Beyond the Stars,Unknown,2/11/1998,FALSE,
,VOY,4-16,Prey,51652.3,2/18/1998,FALSE,
,DS9,6-14,One Little Ship,51474.2,2/18/1998,FALSE,
,VOY,4-17,Retrospect,51658.2,2/25/1998,FALSE,
,DS9,6-15,Honor Among Thieves,Unknown,2/25/1998,FALSE,
,VOY,4-18,"The Killing Game, Part I",Unknown,3/4/1998,FALSE,
,VOY,4-19,"The Killing Game, Part II",51715.2,3/4/1998,FALSE,
,DS9,6-16,Change of Heart,51597.2,3/4/1998,FALSE,
,DS9,6-17,Wrongs Darker Than Death or Night,Unknown,4/1/1998,FALSE,
,VOY,4-20,Vis à Vis,51762.4,4/4/1998,FALSE,
,DS9,6-18,Inquisition,Unknown,4/8/1998,FALSE,
,VOY,4-21,The Omega Directive,51781.2,4/15/1998,FALSE,
,DS9,6-19,In the Pale Moonlight,51721.3,4/15/1998,FALSE,
,VOY,4-22,Unforgettable,51813.4,4/22/1998,FALSE,
,DS9,6-20,His Way,Unknown,4/22/1998,FALSE,
,DS9,6-21,The Reckoning,Unknown,4/29/1998,FALSE,
,VOY,4-23,Living Witness,Unknown,4/29/1998,FALSE,
,VOY,4-24,Demon,Unknown,5/6/1998,FALSE,
,DS9,6-22,Valiant,51825.4,5/6/1998,FALSE,
,VOY,4-25,One,51929.3,5/13/1998,FALSE,
,DS9,6-23,Profit and Lace,Unknown,5/13/1998,FALSE,
,VOY,4-26,Hope and Fear,51978.2,5/20/1998,FALSE,
,DS9,6-24,Time's Orphan,Unknown,5/20/1998,FALSE,
,DS9,6-25,The Sound of Her Voice,51948.3,6/10/1998,FALSE,
,DS9,6-26,Tears of the Prophets,Unknown,6/17/1998,FALSE,
,DS9,7-1,Image in the Sand,Unknown,9/30/1998,FALSE,
,DS9,7-2,Shadows and Symbols,52152.6,10/7/1998,FALSE,
,VOY,5-1,Night,52081.2,10/14/1998,FALSE,
,DS9,7-3,Afterimage,Unknown,10/14/1998,FALSE,
,VOY,5-2,Drone,Unknown,10/21/1998,FALSE,
,DS9,7-4,Take Me Out to the Holosuite,Unknown,10/21/1998,FALSE,
,DS9,7-5,Chrysalis,Unknown,10/28/1998,FALSE,
,VOY,5-3,Extreme Risk,Unknown,10/28/1998,FALSE,
,DS9,7-6,"Treachery, Faith, and the Great River",Unknown,11/4/1998,FALSE,
,VOY,5-4,In the Flesh,52136.4,11/4/1998,FALSE,
,DS9,7-7,Once More Unto the Breach,Unknown,11/11/1998,FALSE,
,VOY,5-5,Once Upon a Time,Unknown,11/11/1998,FALSE,
,DS9,7-8,The Siege of AR-558,Unknown,11/18/1998,FALSE,
,VOY,5-6,Timeless,52143.6,11/18/1998,FALSE,
,VOY,5-7,Infinite Regress,52188.7,11/25/1998,FALSE,
,DS9,7-9,Covenant,Unknown,11/25/1998,FALSE,
,VOY,5-8,Nothing Human,Unknown,12/2/1998,FALSE,
,VOY,5-9,Thirty Days,52179.4,12/9/1998,FALSE,
,Movie,,Insurrection,Unknown,12/11/1998,FALSE,
,VOY,5-10,Counterpoint,Unknown,12/16/1998,FALSE,
,DS9,7-10,It's Only a Paper Moon,52235.7,12/30/1998,FALSE,
,DS9,7-11,Prodigal Daughter,Unknown,1/6/1999,FALSE,
,VOY,5-11,Latent Image,Unknown,1/20/1999,FALSE,
,VOY,5-12,Bride of Chaotica!,Unknown,1/27/1999,FALSE,
,VOY,5-13,Gravity,52438.9,2/3/1999,FALSE,
,DS9,7-12,The Emperor's New Cloak,Unknown,2/3/1999,FALSE,
,DS9,7-13,Field of Fire,Unknown,2/10/1999,FALSE,
,VOY,5-14,Bliss,52542.3,2/10/1999,FALSE,
,DS9,7-14,Chimera,Unknown,2/17/1999,FALSE,
,VOY,5-15,"Dark Frontier, Part I",52619.2,2/17/1999,FALSE,
,VOY,5-16,"Dark Frontier, Part II",52619.2,2/17/1999,FALSE,
,VOY,5-17,The Disease,Unknown,2/24/1999,FALSE,
,DS9,7-15,Badda-Bing Badda-Bang,Unknown,2/24/1999,FALSE,
,VOY,5-18,Course: Oblivion,52586.3,3/3/1999,FALSE,
,DS9,7-16,Inter Arma Enim Silent Leges,Unknown,3/3/1999,FALSE,
,VOY,5-19,The Fight,Unknown,3/24/1999,FALSE,
,VOY,5-20,Think Tank,Unknown,3/31/1999,FALSE,
,DS9,7-17,Penumbra,52576.2,4/7/1999,FALSE,
,DS9,7-18,’Til Death Do Us Part,Unknown,4/14/1999,FALSE,
,DS9,7-19,Strange Bedfellows,Unknown,4/21/1999,FALSE,
,VOY,5-21,Juggernaut,Unknown,4/26/1999,FALSE,
,DS9,7-20,The Changing Face of Evil,Unknown,4/28/1999,FALSE,
,VOY,5-22,Someone to Watch Over Me,52647,4/28/1999,FALSE,
,DS9,7-21,When It Rains…,Unknown,5/5/1999,FALSE,
,VOY,5-23,11:59,Unknown,5/5/1999,FALSE,
,VOY,5-24,Relativity,52861.274,5/12/1999,FALSE,
,DS9,7-22,Tacking Into the Wind,Unknown,5/12/1999,FALSE,
,VOY,5-25,Warhead,Unknown,5/19/1999,FALSE,
,DS9,7-23,Extreme Measures,52645.7,5/19/1999,FALSE,
,DS9,7-24,The Dogs of War,52861.3,5/26/1999,FALSE,
,VOY,5-26,"Equinox, Part I",Unknown,5/26/1999,FALSE,
,DS9,7-26,What You Leave Behind,Unknown,6/2/1999,FALSE,
,DS9,7-25,What You Leave Behind,Unknown,6/2/1999,FALSE,
,VOY,6-1,"Equinox, Part II",Unknown,9/22/1999,FALSE,
,VOY,6-2,Survival Instinct,53049.2,9/29/1999,FALSE,
,VOY,6-3,Barge of the Dead,Unknown,10/6/1999,FALSE,
,VOY,6-4,"Tinker, Tenor, Doctor, Spy",Unknown,10/13/1999,FALSE,
,VOY,6-5,Alice,Unknown,10/20/1999,FALSE,
,VOY,6-6,Riddles,53263.2,11/3/1999,FALSE,
,VOY,6-7,Dragon's Teeth,53167.9,11/10/1999,FALSE,
,VOY,6-8,One Small Step,53292.7,11/17/1999,FALSE,
,VOY,6-9,The Voyager Conspiracy,Unknown,11/24/1999,FALSE,
,VOY,6-10,Pathfinder,Unknown,12/1/1999,FALSE,
,VOY,6-11,Fair Haven,Unknown,1/12/2000,FALSE,
,VOY,6-12,Blink of an Eye,Unknown,1/19/2000,FALSE,
,VOY,6-13,Virtuoso,53556.4,1/26/2000,FALSE,
,VOY,6-14,Memorial,Unknown,2/2/2000,FALSE,
,VOY,6-15,Tsunkatse,53447.2,2/9/2000,FALSE,
,VOY,6-16,Collective,Unknown,2/16/2000,FALSE,
,VOY,6-17,Spirit Folk,Unknown,2/23/2000,FALSE,
,VOY,6-18,Ashes to Ashes,53679.4,3/1/2000,FALSE,
,VOY,6-19,Child's Play,Unknown,3/8/2000,FALSE,
,VOY,6-20,Good Shepherd,53753.2,3/15/2000,FALSE,
,VOY,6-21,Live Fast and Prosper,53849.2,4/19/2000,FALSE,
,VOY,6-22,Muse,53896,4/26/2000,FALSE,
,VOY,6-23,Fury,Unknown,5/3/2000,FALSE,
,VOY,6-24,Life Line,Unknown,5/10/2000,FALSE,
,VOY,6-25,The Haunting of Deck Twelve,Unknown,5/17/2000,FALSE,
,VOY,6-26,"Unimatrix Zero, Part I",Unknown,5/24/2000,FALSE,
,VOY,7-1,"Unimatrix Zero, Part II",54014.4,10/4/2000,FALSE,
,VOY,7-2,Imperfection,54058.6,10/11/2000,FALSE,
,VOY,7-3,Drive,54090.4,10/18/2000,FALSE,
,VOY,7-4,Repression,54129.4,10/25/2000,FALSE,
,VOY,7-5,Critical Care,Unknown,11/1/2000,FALSE,
,VOY,7-6,Inside Man,54208.3,11/8/2000,FALSE,
,VOY,7-7,Body and Soul,54238.3,11/15/2000,FALSE,
,VOY,7-8,Nightingale,54274.7,11/22/2000,FALSE,
,VOY,7-10,"Flesh and Blood, Part I",Unknown,11/29/2000,FALSE,
,VOY,7-9,"Flesh and Blood, Part II",54337.5,11/29/2000,FALSE,
,VOY,7-11,Shattered,Unknown,1/17/2001,FALSE,
,VOY,7-12,Lineage,54452.6,1/24/2001,FALSE,
,VOY,7-13,Repentance,Unknown,1/31/2001,FALSE,
,VOY,7-14,Prophecy,54518.2,2/7/2001,FALSE,
,VOY,7-15,The Void,54553.4,2/14/2001,FALSE,
,VOY,7-16,"Workforce, Part I",54584.3,2/21/2001,FALSE,
,VOY,7-17,"Workforce, Part II",54622.4,2/28/2001,FALSE,
,VOY,7-18,Human Error,Unknown,3/7/2001,FALSE,
,VOY,7-19,Q2,54704.5,4/11/2001,FALSE,
,VOY,7-20,"Author, Author",54732.3,4/18/2001,FALSE,
,VOY,7-21,Friendship One,54775.4,4/25/2001,FALSE,
,VOY,7-22,Natural Law,54827.7,5/2/2001,FALSE,
,VOY,7-23,Homestead,54868.6,5/9/2001,FALSE,
,VOY,7-24,Renaissance Man,54890.7,5/16/2001,FALSE,
,VOY,7-25,Endgame,54973.4,5/23/2001,FALSE,
,VOY,7-26,Endgame,54973.4,5/23/2001,FALSE,
,ENT,1-1,Broken Bow,Unknown,9/26/2001,FALSE,
,ENT,1-2,Broken Bow,Unknown,9/26/2001,FALSE,
,ENT,1-3,Fight or Flight,Unknown,10/3/2001,FALSE,
,ENT,1-4,Strange New World,Unknown,10/10/2001,FALSE,
,ENT,1-5,Unexpected,Unknown,10/17/2001,FALSE,
,ENT,1-6,Terra Nova,Unknown,10/24/2001,FALSE,
,ENT,1-7,The Andorian Incident,Unknown,10/31/2001,FALSE,
,ENT,1-8,Breaking the Ice,Unknown,11/7/2001,FALSE,
,ENT,1-9,Civilization,Unknown,11/14/2001,FALSE,
,ENT,1-10,Fortunate Son,Unknown,11/21/2001,FALSE,
,ENT,1-11,Cold Front,Unknown,11/28/2001,FALSE,
,ENT,1-12,Silent Enemy,Unknown,1/16/2002,FALSE,
,ENT,1-13,Dear Doctor,Unknown,1/23/2002,FALSE,
,ENT,1-14,Sleeping Dogs,Unknown,1/30/2002,FALSE,
,ENT,1-15,Shadows of P'Jem,Unknown,2/6/2002,FALSE,
,ENT,1-16,Shuttlepod One,Unknown,2/13/2002,FALSE,
,ENT,1-17,Fusion,Unknown,2/27/2002,FALSE,
,ENT,1-18,Rogue Planet,Unknown,3/20/2002,FALSE,
,ENT,1-19,Acquisition,Unknown,3/27/2002,FALSE,
,ENT,1-20,Oasis,Unknown,4/3/2002,FALSE,
,ENT,1-21,Detained,Unknown,4/24/2002,FALSE,
,ENT,1-22,Vox Sola,Unknown,5/1/2002,FALSE,
,ENT,1-23,Fallen Hero,Unknown,5/8/2002,FALSE,
,ENT,1-24,Desert Crossing,Unknown,5/8/2002,FALSE,
,ENT,1-25,Two Days and Two Nights,Unknown,5/15/2002,FALSE,
,ENT,1-26,"Shockwave, Part I",Unknown,5/22/2002,FALSE,
,ENT,2-1,"Shockwave, Part II",Unknown,9/18/2002,FALSE,
,ENT,2-2,Carbon Creek,Unknown,9/25/2002,FALSE,
,ENT,2-3,Minefield,Unknown,10/2/2002,FALSE,
,ENT,2-4,Dead Stop,Unknown,10/9/2002,FALSE,
,ENT,2-5,A Night In Sickbay,Unknown,10/16/2002,FALSE,
,ENT,2-6,Marauders,Unknown,10/30/2002,FALSE,
,ENT,2-7,The Seventh,Unknown,11/6/2002,FALSE,
,ENT,2-8,The Communicator,Unknown,11/13/2002,FALSE,
,ENT,2-9,Singularity,Unknown,11/20/2002,FALSE,
,ENT,2-10,Vanishing Point,Unknown,11/27/2002,FALSE,
,ENT,2-11,Precious Cargo,Unknown,12/11/2002,FALSE,
,Movie,,Nemesis,Unknown,12/13/2002,FALSE,
,ENT,2-12,The Catwalk,Unknown,12/18/2002,FALSE,
,ENT,2-13,Dawn,Unknown,1/8/2003,FALSE,
,ENT,2-14,Stigma,Unknown,2/5/2003,FALSE,
,ENT,2-15,Cease Fire,Unknown,2/12/2003,FALSE,
,ENT,2-16,Future Tense,Unknown,2/19/2003,FALSE,
,ENT,2-17,Canamar,Unknown,2/26/2003,FALSE,
,ENT,2-18,The Crossing,Unknown,4/2/2003,FALSE,
,ENT,2-19,Judgment,Unknown,4/9/2003,FALSE,
,ENT,2-20,Horizon,Unknown,4/16/2003,FALSE,
,ENT,2-21,The Breach,Unknown,4/23/2003,FALSE,
,ENT,2-22,Cogenitor,Unknown,4/30/2003,FALSE,
,ENT,2-23,Regeneration,Unknown,5/7/2003,FALSE,
,ENT,2-24,First Flight,Unknown,5/14/2003,FALSE,
,ENT,2-25,Bounty,Unknown,5/14/2003,FALSE,
,ENT,2-26,The Expanse,Unknown,5/21/2003,FALSE,
,ENT,3-1,The Xindi,Unknown,9/10/2003,FALSE,
,ENT,3-2,Anomaly,Unknown,9/17/2003,FALSE,
,ENT,3-3,Extinction,Unknown,9/24/2003,FALSE,
,ENT,3-4,Rajiin,Unknown,10/1/2003,FALSE,
,ENT,3-5,Impulse,Unknown,10/8/2003,FALSE,
,ENT,3-6,Exile,Unknown,10/15/2003,FALSE,
,ENT,3-7,The Shipment,Unknown,10/29/2003,FALSE,
,ENT,3-8,Twilight,Unknown,11/5/2003,FALSE,
,ENT,3-9,North Star,Unknown,11/12/2003,FALSE,
,ENT,3-10,Similitude,Unknown,11/19/2003,FALSE,
,ENT,3-11,Carpenter Street,Unknown,11/26/2003,FALSE,
,ENT,3-12,Chosen Realm,Unknown,1/14/2004,FALSE,
,ENT,3-13,Proving Ground,Unknown,1/21/2004,FALSE,
,ENT,3-14,Stratagem,Unknown,2/4/2004,FALSE,
,ENT,3-15,Harbinger,Unknown,2/11/2004,FALSE,
,ENT,3-16,Doctor's Orders,Unknown,2/18/2004,FALSE,
,ENT,3-17,Hatchery,Unknown,2/25/2004,FALSE,
,ENT,3-18,Azati Prime,Unknown,3/3/2004,FALSE,
,ENT,3-19,Damage,Unknown,4/21/2004,FALSE,
,ENT,3-20,The Forgotten,Unknown,4/28/2004,FALSE,
,ENT,3-21,E²,Unknown,5/5/2004,FALSE,
,ENT,3-22,The Council,Unknown,5/12/2004,FALSE,
,ENT,3-23,Countdown,Unknown,5/19/2004,FALSE,
,ENT,3-24,Zero Hour,Unknown,5/26/2004,FALSE,
,ENT,4-1,"Storm Front, Part I",Unknown,10/8/2004,FALSE,
,ENT,4-2,"Storm Front, Part II",Unknown,10/15/2004,FALSE,
,ENT,4-3,Home,Unknown,10/22/2004,FALSE,
,ENT,4-4,Borderland,Unknown,10/29/2004,FALSE,
,ENT,4-5,Cold Station 12,Unknown,11/5/2004,FALSE,
,ENT,4-6,The Augments,Unknown,11/12/2004,FALSE,
,ENT,4-7,The Forge,Unknown,11/19/2004,FALSE,
,ENT,4-8,Awakening,Unknown,11/26/2004,FALSE,
,ENT,4-9,Kir'Shara,Unknown,12/3/2004,FALSE,
,ENT,4-10,Daedalus,Unknown,1/14/2005,FALSE,
,ENT,4-11,Observer Effect,Unknown,1/21/2005,FALSE,
,ENT,4-12,Babel One,Unknown,1/28/2005,FALSE,
,ENT,4-13,United,Unknown,2/4/2005,FALSE,
,ENT,4-14,The Aenar,Unknown,2/11/2005,FALSE,
,ENT,4-15,Affliction,Unknown,2/18/2005,FALSE,
,ENT,4-16,Divergence,Unknown,2/25/2005,FALSE,
,ENT,4-17,Bound,Unknown,4/15/2005,FALSE,
,ENT,4-18,"In a Mirror, Darkly (Part I)",Unknown,4/22/2005,FALSE,
,ENT,4-19,"In a Mirror, Darkly (Part II)",Unknown,4/29/2005,FALSE,
,ENT,4-20,Demons,Unknown,5/6/2005,FALSE,
,ENT,4-21,Terra Prime,Unknown,5/13/2005,FALSE,
,ENT,4-22,These Are the Voyages...,Unknown,5/13/2005,FALSE,
,DIS,1-1,The Vulcan Hello,Unknown,9/24/2017,FALSE,
,DIS,1-2,Battle at the Binary Stars,Unknown,9/24/2017,FALSE,
,DIS,1-3,Context Is for Kings,Unknown,10/1/2017,FALSE,
,DIS,1-4,The Butcher's Knife Cares Not for the Lamb's Cry,Unknown,10/8/2017,FALSE,
,DIS,1-5,Choose Your Pain,Unknown,10/15/2017,FALSE,
,DIS,1-6,Lethe,Unknown,10/22/2017,FALSE,
,DIS,1-7,Magic to Make the Sanest Man Go Mad,Unknown,10/29/2017,FALSE,
,DIS,1-8,"Si Vis Pacem, Para Bellum",Unknown,11/5/2017,FALSE,
,DIS,1-9,Into the Forest I Go,Unknown,11/12/2017,FALSE,
,DIS,1-10,Despite Yourself,Unknown,1/7/2018,FALSE,
,DIS,1-11,The Wolf Inside,Unknown,1/14/2018,FALSE,
,DIS,1-12,Vaulting Ambition,Unknown,1/21/2018,FALSE,
,DIS,1-13,What's Past Is Prologue,Unknown,1/28/2018,FALSE,
,DIS,1-14,"The War Without, The War Within",Unknown,2/4/2018,FALSE,
,DIS,1-15,Will You Take My Hand?,Unknown,2/11/2018,FALSE,
,DIS,2-1,Brother,Unknown,1/17/2019,FALSE,
,DIS,2-2,New Eden,Unknown,1/24/2019,FALSE,
,DIS,2-3,Point of Light,Unknown,1/31/2019,FALSE,
,DIS,2-4,An Obol for Charon,Unknown,2/7/2019,FALSE,
,DIS,2-5,Saints of Imperfection,Unknown,2/14/2019,FALSE,
,DIS,2-6,The Sound of Thunder,Unknown,2/21/2019,FALSE,
,DIS,2-7,Light and Shadows,Unknown,2/28/2019,FALSE,
,DIS,2-8,If Memory Serves,Unknown,3/7/2019,FALSE,
,DIS,2-9,Project Daedalus,Unknown,3/14/2019,FALSE,
,DIS,2-10,The Red Angel,Unknown,3/21/2019,FALSE,
,DIS,2-11,Perpetual Infinity,Unknown,3/28/2019,FALSE,
,DIS,2-12,Through the Valley of Shadows,Unknown,4/4/2019,FALSE,
,DIS,2-13/2-14,Such Sweet Sorrow,Unknown,4/11/2019,FALSE,
,DIS,,,Unknown,4/18/2019,FALSE,
,SHOR,1-1,Runaway,Unknown,10/4/2018,FALSE,
,SHOR,1-2,Calypso,Unknown,11/8/2018,FALSE,
,SHOR,1-3,The Brightest Star,Unknown,12/6/2018,FALSE,
,SHOR,1-4,The Escape Artist,Unknown,1/3/2019,FALSE,
,SHOR,2-1,Q&A,Unknown,10/5/2019,FALSE,
,SHOR,2-2,The Trouble with Edward,Unknown,10/10/2019,FALSE,
,SHOR,2-3,Ask Not,Unknown,11/14/2019,FALSE,
,SHOR,2-4,Ephraim and Dot,Unknown,12/12/2019,FALSE,
,SHOR,2-5,The Girl Who Made the Stars,Unknown,12/12/2019,FALSE,
,SHOR,2-6,Children of Mars,Unknown,1/9/2020,FALSE,
,PIC,1-1,Remembrance,Unknown,1/23/2020,FALSE,
,PIC,1-2,Maps and Legends,Unknown,1/30/2020,FALSE,
,PIC,1-3,The End Is the Beginning,Unknown,2/6/2020,FALSE,
,PIC,1-4,Absolute Candor,Unknown,2/13/2020,FALSE,
,PIC,1-5,Stardust City Rag,Unknown,2/20/2020,FALSE,
,PIC,1-6,The Impossible Box,Unknown,2/27/2020,FALSE,
,PIC,1-7,Nepenthe,Unknown,3/5/2020,FALSE,
,PIC,1-8,Broken Pieces,Unknown,3/12/2020,FALSE,
,PIC,1-9/1-10,Et in Arcadia Ego,Unknown,3/19/2020,FALSE,
,PIC,,,Unknown,3/26/2020,FALSE,
,LD,1-1,Second Contact,Unknown,8/6/2020,FALSE,
,LD,1-2,Envoys,Unknown,8/13/2020,FALSE,
,LD,1-3,Temporal Edict,Unknown,8/20/2020,FALSE,
,LD,1-4,Moist Vessel,Unknown,8/27/2020,FALSE,
,LD,1-5,Cupid's Errant Arrow,Unknown,9/3/2020,FALSE,
,LD,1-6,Terminal Provocations,Unknown,9/10/2020,FALSE,
,LD,1-7,Much Ado About Boimler,Unknown,9/17/2020,FALSE,
,LD,1-8,Veritas,Unknown,9/24/2020,FALSE,
,LD,1-9,Crisis Point,Unknown,10/1/2020,FALSE,
,LD,1-10,No Small Parts,Unknown,10/8/2020,FALSE,
,DIS,3-1,"That Hope Is You, Part 1",Unknown,10/15/2020,FALSE,
,DIS,3-2,Far from Home,Unknown,10/22/2020,FALSE,
,DIS,3-3,People of Earth,Unknown,10/29/2020,FALSE,
,DIS,3-4,Forget Me Not,Unknown,11/5/2020,FALSE,
,DIS,3-5,Die Trying,Unknown,11/12/2020,FALSE,
,DIS,3-6,Scavengers,Unknown,11/19/2020,FALSE,
,DIS,3-7,Unification III,Unknown,11/26/2020,FALSE,
,DIS,3-8,The Sanctuary,Unknown,12/3/2020,FALSE,
,DIS,3-9/3-10,Terra Firma,Unknown,12/10/2020,FALSE,
,DIS,,,Unknown,12/17/2020,FALSE,
,DIS,3-11,Su'Kal,Unknown,12/24/2020,FALSE,
,DIS,3-12,There Is a Tide...,Unknown,12/31/2020,FALSE,
,DIS,3-13,"That Hope Is You, Part 2",Unknown,1/7/2021,FALSE,